metric,value
min,0.17965971451561621
median,0.57783083061643
mean,0.6751092795788205
max,0.9525741268224334
sd,0.2032832218686735
